{
    "1728092843928": {
        "user_id": null,
        "user_name": "Ng\u01b0\u1eddi d\u00f9ng",
        "content": "Hi"
    },
    "1728092938762": {
        "user_id": null,
        "user_name": "Ng\u01b0\u1eddi d\u00f9ng",
        "content": "L\u1ed3n"
    },
    "1728092949609": {
        "user_id": null,
        "user_name": "Ng\u01b0\u1eddi d\u00f9ng",
        "content": "Lon"
    },
    "1728093077274": {
        "user_id": null,
        "user_name": "Ng\u01b0\u1eddi d\u00f9ng",
        "content": "!img girl"
    },
    "1728093096938": {
        "user_id": null,
        "user_name": "Ng\u01b0\u1eddi d\u00f9ng",
        "content": "!img girl"
    }
}